"ID","分级","文献线","完整题名","作者_年份_出处_DOI","原理与多视使用","原始输入假设","角度或顺序依赖","原始数据协议","开集判决与阈值","公开代码数据_截至2026_08_10","复现难度","对本场景的采用方式","实验回答的问题","第一轮"
"B01","强烈推荐","单视HRRP开集","Open Set HRRP Recognition Based on Convolutional Neural Network","Wei Chen; Yanhua Wang; Jia Song; Yang Li; 2019; The Journal of Engineering 2019(21):7701-7704; 10.1049/joe.2019.0706","1D-CNN提取激活；到类均值的距离拟合Weibull；OpenMax重分配已知与未知概率","单条HRRP；固定长度；单样本一次判决","不使用角度标签；不依赖多视顺序","实测HRRP；固定已知类，未知类由1增加到4；论文F1约92.50/88.92/84.43/80.06%","Weibull EVT；未知作为第K+1类，最大OpenMax概率决策；尾长等实现细节需重定","标题、DOI、作者GitHub检索未定位论文官方代码；数据未公开","中：方法简单但原论文仅4页，尾长与数据协议复刻不完整","把OpenMax接到融合后的集合特征；与同一Deep Sets编码器的Energy头共用训练权重","EVT校准本身是否优于普通置信度阈值，而非编码器差异造成提升","是"
"B02","强烈推荐","单视HRRP开集","Convolutional Neural Networks for Radar HRRP Target Recognition and Rejection","Jinwei Wan; Bo Chen; Bin Xu; Hongwei Liu; Lin Jin; 2019; EURASIP Journal on Advances in Signal Processing 2019:5; 10.1186/s13634-019-0603-y","CNN分类器加反卷积解码器；以输入重构误差拒识","单条时域HRRP或其时频谱","不使用多视角或角度标签；无集合顺序","3类实测飞机为已知；XPATCH仿真卡车为未知；最佳AUROC约0.9662","重构误差阈值；原论文用ROC扫描选择工作点，接触未知测试分布","论文开放获取；未定位作者官方代码；实测数据未公开","中：网络细节较全，但跨源未知与阈值协议不能原样公平照搬","在Deep Sets集合表征上加共享或类条件解码头；阈值改为已知验证集分位数","判别式EVT与生成式重构哪类未知证据更适合随机多视集合","是"
"B03","可选","单视HRRP开集","Radar HRRP Open Set Target Recognition Based on Closed Classification Boundary","Ziheng Xia; Penghui Wang; Hongwei Liu; 2023; Remote Sensing 15(2):468; 10.3390/rs15020468","用k近邻对象的分布平衡度检测每类闭合边界；最近类中心分类","单条HRRP的CNN嵌入","不使用显式角度；不依赖样本顺序","13类实测飞机；An-26、Cessna、Yak-42为已知，余10类未知；已知按航迹段划分训练测试","测试嵌入的BDC与训练边界分位点beta_round(n*phi)比较；k、phi为超参数","全文开放；未定位官方代码；数据未公开","中：算法清晰，但kNN存储和高维邻域计算较重","只在集合级嵌入上做边界；放在第二轮与OpenMax比较","非参数局部闭边界是否优于类中心/EVT全局边界","否"
"B04","可选","单视HRRP开集","Spatial Distribution Learning With Multivariate Extreme Value Boundary for Radar HRRP Open Set Recognition","Wentao Li; Shuai Li; Junyan Chen; Biao Tian; Shiyou Xu; Zengping Chen; 2025; IEEE TAES 61(3):6444-6459; 10.1109/TAES.2025.3527429","同时约束特征到原型的距离和方向；对多个边界变量拟合GEV边缘并用Plackett copula建模依赖","单条HRRP；原型式深度嵌入","无显式角度与顺序输入","7类实测飞机；4已知3未知；4种重划分；六骨干均值AUROC/OSCR约0.9218/0.9140","多变量极值边界；阈值由训练集预设离群比例确定，但论文未明确该比例","题名与GitHub检索未定位论文官方代码；数据未公开","高：原型约束、GEV与copula三部分都需复刻，校准比例不充分","第二轮只移植SDL-MEVB拒识头到集合嵌入，不重做专用骨干","多变量距离-方向边界是否在宽角类内多峰下优于单变量OpenMax","否"
"B05","可选","单视HRRP开集","HRRP Open-Set Recognition Via Physics-Guided Pseudo-OOD Generation and Prior Decoupling","Jixi Li; Weiwei Guo; Siyuan Mu; Feiming Wei; Tao Zhang; Wenxian Yu; 2025; IEEE TAES 61(4):9601-9618; 10.1109/TAES.2025.3556812","按径向尺度与物理尺度关系生成域内伪OOD；先验解耦与OOD对比学习抑制过置信","单条HRRP；需要目标物理/尺度先验","不依赖视图顺序；依赖额外物理先验，角度标签未作为显式输入","实测与仿真HRRP；同时评估far-OOD与near-OOD；完整划分需按正文复刻","以伪OOD训练开放边界；论文阈值细节需从全文实现核验","题名与GitHub检索未定位论文官方代码；数据未公开","很高：伪OOD生成、物理先验、先验解耦和对比损失耦合","仅在已能定义可靠物理尺度时作为第二轮；伪OOD按集合采样构造且禁止测试未知参与","物理约束的伪未知是否改善近邻未知，而非只拒绝容易的跨域未知","否"
"B06","可选","单视HRRP开集","OSFSM: A Systematic Open Set Framework for Radar Automatic Target Recognition Using HRRP","Wentao Li; Biao Tian; Jing Ma; Pengjun Huang; Shiyou Xu; 2025; IEEE TAES 61(5):12350-12365; 10.1109/TAES.2025.3575045","素数长度全尺度卷积编码；原型距离/方向关系与分类权重约束共同缓解logit过置信","单条HRRP","无显式角度或多视顺序","4个开放集数据集；Dataset4为同源实测未知；四数据集平均AUROC/OSCR约0.956/0.935","训练集预设离群比例确定阈值；比例未充分报告","题名与GitHub检索未定位论文官方代码；数据未公开","高：专用骨干和多项约束难与共享编码器公平拆分","第二轮做编码器或关系约束消融，不作为第一轮整套模型","HRRP专用感受野与抑制过置信约束是否在集合融合后仍有增益","否"
"B07","不建议复现","单视HRRP开集","Open Set HRRP Recognition With Few Samples Based on Multi-Modality Prototypical Networks","Long Tian; Bo Chen; Zekun Guo; Chuan Du; Yang Peng; Hongwei Liu; 2022; Signal Processing 193:108391; 10.1016/j.sigpro.2021.108391","多峰/多模态原型、Mahalanobis度量和FiLM用于少样本新类任务","支持集加单条查询；multi-modality指姿态造成类内多峰，不是多条HRRP联合输入","不以无序多视集合为输入","RareHRRP仿真50类；episodic few-shot/open-set协议，允许新类支持样本","原型度量及episode阈值；任务包含新类适配","未定位官方代码；RareHRRP完整公开性不确定","高且任务协议不同","不作为主baseline；可借鉴多峰原型思想","不能公平回答无支持样本的未知拒识问题","否"
"B08","不建议复现","单视HRRP开集","Class-Specific Feature Reconstruction With Pseudo-Label for Open-Set HRRP Recognition","Qidi Pan; Jing Liang; Kuo Liao; 2026; Pattern Recognition 172:112565; 10.1016/j.patcog.2025.112565","30度角度组编码、ResFold与流形正则；伪标签选择类特定自编码器；MSE-余弦重构","单条HRRP加显式角度组；训练覆盖完整姿态","强依赖角度分组，不依赖多视顺序","仿真6已知4未知、实测3已知1未知；F1约95.76/91.39%","类特定重构误差；类阈值为最大训练误差乘epsilon，论文epsilon=0.95","未定位官方代码；数据未公开","高：角度分组和完整姿态是核心组件","主实验不复现；若要做有角度信息上界，仅保留为第二轮oracle","显式角度分组能提供多少上界，而不是无角度集合方法孰优","否"
"B09","不建议复现","单视HRRP开集","Open-Set Recognition of Radar One-Dimensional Range Profiles Based on Attention Mechanism and Multi-Task Joint Training","Bowen Bai; Long Xue; Mingyao Xue; Bailiang Pu; 2026; IET Radar Sonar & Navigation 20:e70121; 10.1049/rsn2.70121","CNN与双层多头注意；分类、中心、SmoothL1重构联合训练；原型距离拒识并聚类未知子类","单条HRRP","不依赖多视顺序；无显式多视角输入","论文HRRP数据不共享；任务还要求区分未知子类","原型距离与后处理阈值；细节需按全文复刻","全文开放；Data Availability明确数据不共享；未定位代码","高：多任务、后处理和额外未知聚类超出当前任务","只借鉴分类-重构联合损失；不原样复现整套系统","其额外未知子类聚类不能回答当前已知分类加统一拒识问题","否"
"B10","强烈推荐","多视HRRP闭集","Deep Learning for HRRP-Based Target Recognition in Multistatic Radar Systems","Jarmo Lundén; Visa Koivunen; 2016; IEEE Radar Conference; 10.1109/RADAR.2016.7485271","每个单/双基地通道独立DCNN；类别后验等权平均","固定有身份的多站同步通道；原论文为低SNR仿真","无显式序列顺序；通道具有固定几何身份，不是可交换随机集合","仿真多基地；原文无真实未见类完整实验；1站/5站已知类正确率约0.7628/0.8575","融合最大概率低于gamma拒识；gamma按已知样本错误概率Pw=0.05选择","标题和GitHub检索未定位代码/数据","低到中：概念极简，精确仿真协议不可完全复刻","使用共享1D编码器逐视预测，对logit或概率做均值；阈值仅由已知验证集确定","多视数量增加和简单晚融合本身能带来多少收益","是"
"B11","强烈推荐","多视HRRP闭集","Multistation Cooperative Radar Target Recognition Based on an Angle-Guided Transformer Fusion Network","Guo Shuai; Chen Ting; Wang Penghui; Ding Jun; Yan Junkun; Wang Yinghua; Liu Hongwei; 2023; Journal of Radars 12(3):516-528; 10.12000/JR23014","单站Transformer提取；站间置换不变Transformer、前级交互与深层注意融合；主模型另加方位角引导","模拟3站，每站8个HRRP子序列；站点有身份","主模型显式使用方位角；无角度的Transformer多站特征融合消融不使用角度，但仍基于模拟站点","5类实测飞机模拟3站；无未知；无角度多站Transformer 93.60%，完整角度引导96.90%","原论文仅闭集，无开集判决","官方页面资源附件0；数据/代码未公开","中高：网络描述较全但无代码/数据","只复现无角度、无位置编码的站间集合融合抽象；完整角度模型仅作oracle","注意力建模视角间交互是否优于简单均值；显式角度信息价值有多大","是（无角度分支）"
"B12","强烈推荐","通用无序集合结构","Deep Sets","Manzil Zaheer; Satwik Kottur; Siamak Ravanbakhsh; Barnabas Poczos; Ruslan Salakhutdinov; Alexander Smola; 2017; NeurIPS 30:3391-3401; proceedings.neurips.cc/paper/6931","共享元素映射phi后用sum/mean聚合，再由rho输出；理论上置换不变","任意无序元素集合；可处理可变集合大小","不使用位置或角度时严格置换不变","通用集合任务，非HRRP；原论文含点云分类、集合扩展、异常检测","无内置OSR；需外接Energy、OpenMax或重构头","作者官方GitHub manzilzaheer/DeepSets公开；HRRP适配代码需编写","低：结构简单，最适合作为共享实现骨架","共享1D-HRRP编码器加mean pooling；禁用位置/角度编码","严格置换不变的特征融合是否优于决策层平均，并能否泛化到可变视角数","是"
"B13","强烈推荐","通用无序集合结构","Set Transformer: A Framework for Attention-Based Permutation-Invariant Neural Networks","Juho Lee; Yoonho Lee; Jungtaek Kim; Adam R. Kosiorek; Seungjin Choi; Yee Whye Teh; 2019; ICML, PMLR 97:3744-3753; proceedings.mlr.press/v97/lee19d.html","SAB/ISAB自注意建模元素交互；PMA聚合保持输出对输入排列不变","无序元素集合；可变集合大小","无位置编码时置换等变/不变；不需要角度标签","通用集合、聚类、点云任务，非HRRP","无内置OSR；与Deep Sets共用同一Energy/OpenMax头","官方PyTorch仓库 juho-lee/set_transformer，MIT许可","中：官方代码可用，但需控制参数量与O(V^2)计算","共享同一1D编码器，用SAB/ISAB+PMA替代mean pooling；不加任何位置编码","显式视角间交互是否能利用宽角互补，而非仅靠平均统计","是"
"B14","不建议复现","多帧HRRP闭集","MFA-Net: Multi-Frame Feature Aggregation Network for HRRP Target Recognition","Song Yiheng; Wang Yanhua; 2025; Journal of Southeast University 41(3):384-391; 10.3969/j.issn.1003-7985.2025.03.014","距离可变形卷积、帧间注意和全局-局部Transformer聚合连续多帧","连续时角帧；局部相邻关系和帧顺序有意义","依赖连续顺序；不使用随机集合假设","仿真与实测闭集；论文称较对比提升超过3%","无开集判决","未定位代码/数据","高且输入假设冲突","不用于主baseline；最多作为打乱顺序的负面对照","有序模型的性能不能归因于随机无序多视融合能力","否"
"B15","强烈推荐","直接多视HRRP开集","Open-Set HRRP Target Recognition Method Based on Joint Dynamic Sparse Representation / 基于联合动态稀疏表示的开集距离像目标识别方法","Liu Shengqi; Zhang Huiqiang; Teng Shuhua; Qu Shuang; Wu Zhongjie; 2023; Journal of Electronics & Information Technology 45(11):4101-4109; 10.11999/JEIT221284","多视共享候选类别块，但允许各视角在块内选择不同原子；按类联合重构","固定J=5；Situation-I连续小角，Situation-II随机角度排列/组合","Situation-II弱化角相关和顺序，但模型未形式化证明置换不变；无显式角度标签输入","MSTAR SAR反演HRRP；10类；17度训练、15度测试；3已知、其余7逐步未知；Situation-I/II均值约0.832/0.816","最小重构误差选类；匹配右尾和非匹配左尾分别拟合GPD并加权；J=5,K=2,rho=0.7,delta_g=0.3","官方期刊页资源附件0；题名/GitHub检索未定位代码、反演和分组脚本","高：需重做SAR到HRRP反演、角度分组、稀疏求解和双尾EVT","固定V=5原样重现核心算法；另做输入置换与宽角采样压力测试；不强行改成可变V","现代集合基线相对最接近的已发表直接方法是否真正进步；联合稀疏类别一致性是否仍有价值","是"
"B16","可选","直接多视HRRP开集","Open-Set HRRP Recognition Method Based on Joint Sparse Representation","Shuang Qu; Shengqi Liu; Qiang Fu; 2022; Journal of Physics: Conference Series 2384(1):012012; 10.1088/1742-6596/2384/1/012012","SOMP使5个视角共享完全相同的非零原子行支撑；联合重构与双尾EVT","5条连续小角、强相关HRRP","依赖相邻角度与共同原子；不适合随机宽角","MSTAR SAR反演；BMP2/BTR70/T72已知，其余7未知；平均识别率约0.934","候选类最小重构误差；匹配右尾/非匹配左尾GPD；K=3,rho=0.01,阈值0.9","未定位公开代码与HRRP构造脚本；MSTAR原始SAR公开","中高：比JDSR简单，但宽角假设明确不成立","第二轮仅作为强共同支撑假设的压力测试；不与JDSR同时列为必做","严格共同支撑在随机宽角集合上会退化多少","否"
"B17","不建议复现","直接多视HRRP开集","Open Set Target Recognition Based on Multi-Task Compressed Sensing Using Multi-View High Range Resolution Profiles","Huiqiang Zhang; Shengqi Liu; Shuang Qu; Jianping Ou; Jun Zhang; Jie Deng; 2024; IET Conference Proceedings 2023(47):1036-1043; 10.1049/icp.2024.1229","Bayesian多任务压缩感知共享稀疏先验精度；类别平均归一化重构误差配Weibull","5条连续小角HRRP","依赖强相关连续小角；非随机宽角集合","MSTAR SAR反演；3已知、1至7未知；1未知时库内约0.789、库外约0.686","类归一化重构误差拟合Weibull并假设检验；阈值delta的确定规则未报告","未定位代码、数据构造或阈值脚本","很高：Bayesian求解昂贵且关键阈值不可复现","不进入第一/二轮主复现；只在综述中保留为方法谱系证据","相对JDSR没有新增可公平隔离的问题，投入产出比低","否"
"B18","不建议复现","强相关异任务","HRRPSeqNet: Open-Set Recognition of Space Target Motions Using HRRP Sequences","Yanjin Zhang; Xuejian Feng; Hongcheng Yin; Xiao Wei; Hua Yan; 2025; IEEE TAES 61(3):7481-7496; 10.1109/TAES.2025.3540808","把8/12/16条HRRP按时间堆叠，联合物理统计特征；KLOS用样本高斯到类先验的KL修正分数","严格有序的运动时间序列；标签是运动状态而非目标型号","强依赖时间顺序；与随机视角集合不同","仿真3已知最多5未知运动状态；实测2已知1未知；阈值eta=0.98","KLOS概率加最大概率阈值；阈值由开放实验选择，存在接触未知风险","未定位代码/数据","高且任务、标签、协议均不同","不作为目标身份baseline；仅用于说明多HRRP深度开集已在另一任务出现","不能回答无序多视目标身份识别问题","否"
